filename,value
2ef5fd3e-0db4-4eb1-9cfb-8db6729835ba.png,35.2
62d6276a-c2b2-491e-a5ff-56a5d2f20343.png,36.9
723a60d8-a21f-445b-9cd8-0dad7bd69f5f.png,35.2
d1d84c72-a45f-4275-a34b-06a057908372.png,52.1
c3864585-ad0b-4e53-8c77-60312ad58ac8.png,51.9
d4c0700c-cc4d-4793-af90-b2b48e1b19ef.png,51.4
7f4bf8ff-da56-4257-b5e4-4f924a75f37c.png,38.6
5216ddcd-03f8-4a7e-bb7a-f15dd2d61e06.png,50.7
d968cefd-6bc9-4497-ae03-cce1fe31af82.png,37.2
783baecf-16a7-4d32-aed1-0d2afbde266f.png,51.3
df3c7322-2115-4669-876a-7193e7479a4c.png,52.1
84fbf4df-4bd9-4254-9ca5-68ffb3ce52f1.png,36.9